"","index.lci","X25.","index","X75.","index.uci","node","year","colony","species","colonyname","nknots"
"etapredr[1,1]",11151.1704756141,12445.7745878511,13091.5193317008,13747.7429605981,15029.458220174,"etapredr[1,1]",1984,1,"ANMU","George Island",6
"etapredr[1,2]",11499.0932032726,12741.8272320934,13362.3670029889,13971.5455888466,15183.2080663275,"etapredr[1,2]",1985,1,"ANMU","George Island",6
"etapredr[1,3]",11830.0585098122,13032.2824311329,13648.1933597454,14219.8467840873,15353.374914274,"etapredr[1,3]",1986,1,"ANMU","George Island",6
"etapredr[1,4]",12167.1603749493,13342.8556673966,13940.4434438866,14488.2736781305,15579.9027983402,"etapredr[1,4]",1987,1,"ANMU","George Island",6
"etapredr[1,5]",12527.4279397906,13678.6660155653,14254.1071548349,14782.3034940052,15825.0239375297,"etapredr[1,5]",1988,1,"ANMU","George Island",6
"etapredr[1,6]",12946.2383781502,14051.0128540517,14600.1291237309,15099.4806667141,16066.8945832164,"etapredr[1,6]",1989,1,"ANMU","George Island",6
"etapredr[1,7]",13425.7684276475,14465.316318126,14967.8240768646,15427.7050493996,16304.3954335293,"etapredr[1,7]",1990,1,"ANMU","George Island",6
"etapredr[1,8]",13989.0556084669,14919.7857344083,15360.5976781122,15771.764232006,16536.729589209,"etapredr[1,8]",1991,1,"ANMU","George Island",6
"etapredr[1,9]",14640.7536021573,15412.102011276,15774.0254989811,16115.5428441092,16742.4016252002,"etapredr[1,9]",1992,1,"ANMU","George Island",6
"etapredr[1,10]",15346.7040868358,15926.0196859987,16199.712369557,16459.7601058521,16936.2407380943,"etapredr[1,10]",1993,1,"ANMU","George Island",6
"etapredr[1,11]",16068.5845380877,16441.1242085846,16621.9406690159,16791.4792213356,17115.971242948,"etapredr[1,11]",1994,1,"ANMU","George Island",6
"etapredr[1,12]",16767.063514077,16941.0637754195,17025.4160065173,17106.9746527423,17270.259163895,"etapredr[1,12]",1995,1,"ANMU","George Island",6
"etapredr[1,13]",17400,17400,17400,17400,17400,"etapredr[1,13]",1996,1,"ANMU","George Island",6
"etapredr[1,14]",17504.2932127689,17658.8001094753,17734.2688945686,17805.0675111161,17949.5788953164,"etapredr[1,14]",1997,1,"ANMU","George Island",6
"etapredr[1,15]",17570.9104551512,17875.1658236069,18016.4874094648,18151.4832941876,18417.3947530968,"etapredr[1,15]",1998,1,"ANMU","George Island",6
"etapredr[1,16]",17595.4380031925,18036.4125642335,18250.4135078873,18449.475485691,18821.3204295716,"etapredr[1,16]",1999,1,"ANMU","George Island",6
"etapredr[1,17]",17567.521575492,18141.5339560129,18437.429347681,18704.6219063158,19207.8087516927,"etapredr[1,17]",2000,1,"ANMU","George Island",6
"etapredr[1,18]",17474.8943076758,18204.464427948,18588.7717066591,18943.2619447575,19595.7866891338,"etapredr[1,18]",2001,1,"ANMU","George Island",6
"etapredr[1,19]",17334.4801893577,18251.2634469582,18723.3922448765,19168.3051696852,19977.9124930283,"etapredr[1,19]",2002,1,"ANMU","George Island",6
"etapredr[1,20]",17206.6184596547,18300.4480592931,18863.8394842425,19391.8989517556,20365.4621978497,"etapredr[1,20]",2003,1,"ANMU","George Island",6
"etapredr[1,21]",17153.8198447489,18382.3022777513,19026.3555689557,19623.9171485444,20749.4618248704,"etapredr[1,21]",2004,1,"ANMU","George Island",6
"etapredr[1,22]",17159.3807209785,18513.7500017417,19214.9427920596,19872.0419486352,21107.7767565874,"etapredr[1,22]",2005,1,"ANMU","George Island",6
"etapredr[1,23]",17262.7507447452,18707.2906851637,19441.7697771813,20126.9636840193,21459.7777650621,"etapredr[1,23]",2006,1,"ANMU","George Island",6
"etapredr[1,24]",17476.7604371408,18955.3148343955,19713.4216349938,20406.8153835174,21772.5652230545,"etapredr[1,24]",2007,1,"ANMU","George Island",6
"etapredr[1,25]",17775.7382312075,19245.954813664,20001.8189149009,20704.8382683631,22088.0063785725,"etapredr[1,25]",2008,1,"ANMU","George Island",6
"etapredr[1,26]",18123.4097357642,19565.2754756523,20311.4250583697,21026.4164058907,22407.3155540877,"etapredr[1,26]",2009,1,"ANMU","George Island",6
"etapredr[1,27]",18486.5692708629,19886.0259069572,20620.5717828489,21344.9790214628,22749.3887142672,"etapredr[1,27]",2010,1,"ANMU","George Island",6
"etapredr[1,28]",18812.2523040922,20195.1885106882,20922.1593723109,21651.1525757505,23064.1192948833,"etapredr[1,28]",2011,1,"ANMU","George Island",6
"etapredr[1,29]",19110.4757914787,20459.4986401626,21197.9332941857,21929.6049827062,23358.9082200901,"etapredr[1,29]",2012,1,"ANMU","George Island",6
"etapredr[1,30]",19330.2383581121,20679.8299103288,21417.4564345936,22170.6006178011,23612.6875496746,"etapredr[1,30]",2013,1,"ANMU","George Island",6
"etapredr[1,31]",19464.8620813131,20834.1094824773,21582.4110895005,22347.1008125775,23813.570572234,"etapredr[1,31]",2014,1,"ANMU","George Island",6
"etapredr[1,32]",19498.1024756698,20918.3560422711,21683.3666089145,22476.1495017607,23988.9046181486,"etapredr[1,32]",2015,1,"ANMU","George Island",6
"etapredr[1,33]",19427.7159971164,20921.9050018078,21735.5367979505,22573.09016035,24187.9897073508,"etapredr[1,33]",2016,1,"ANMU","George Island",6
"etapredr[1,34]",19200.5095206333,20853.5714580114,21738.3772166685,22662.6748555254,24431.5781686146,"etapredr[1,34]",2017,1,"ANMU","George Island",6
"etapredr[1,35]",18821.2360196815,20731.5008320093,21737.4660809077,22764.4689531596,24713.0363647617,"etapredr[1,35]",2018,1,"ANMU","George Island",6
"etapredr[1,36]",18359.8781359413,20577.5551981797,21739.5776116053,22876.7801446937,25042.5695915313,"etapredr[1,36]",2019,1,"ANMU","George Island",6
"etapredr[2,1]",18200,18200,18200,18200,18200,"etapredr[2,1]",1984,2,"ANMU","Ramsay Island",6
"etapredr[2,2]",18153.1789763299,18383.1794033242,18487.4436163871,18596.6987128672,18850.4828054481,"etapredr[2,2]",1985,2,"ANMU","Ramsay Island",6
"etapredr[2,3]",18133.0140212688,18582.4951748905,18789.578701612,19009.4522190029,19520.8810573991,"etapredr[2,3]",1986,2,"ANMU","Ramsay Island",6
"etapredr[2,4]",18177.8878985762,18817.0097202248,19120.5606133297,19448.3424138299,20207.7511061049,"etapredr[2,4]",1987,2,"ANMU","Ramsay Island",6
"etapredr[2,5]",18309.294451716,19109.5016437415,19499.2383318882,19921.3929818113,20921.109597767,"etapredr[2,5]",1988,2,"ANMU","Ramsay Island",6
"etapredr[2,6]",18559.393222691,19468.3392664998,19931.7859481678,20445.6055580325,21657.8778744383,"etapredr[2,6]",1989,2,"ANMU","Ramsay Island",6
"etapredr[2,7]",18897.8203783842,19898.0592772732,20432.2590252929,21033.6904963205,22418.778882328,"etapredr[2,7]",1990,2,"ANMU","Ramsay Island",6
"etapredr[2,8]",19297.4156837848,20405.0696613249,21003.3682860592,21688.1059408203,23280.029342365,"etapredr[2,8]",1991,2,"ANMU","Ramsay Island",6
"etapredr[2,9]",19718.8515921545,20951.3737577614,21624.2276081681,22403.2527585608,24196.7126229337,"etapredr[2,9]",1992,2,"ANMU","Ramsay Island",6
"etapredr[2,10]",20118.5204758858,21509.5575368348,22288.7788017169,23160.913543228,25184.3160134398,"etapredr[2,10]",1993,2,"ANMU","Ramsay Island",6
"etapredr[2,11]",20504.2821569011,22064.5732006514,22958.2211600695,23930.5516622292,26237.315709802,"etapredr[2,11]",1994,2,"ANMU","Ramsay Island",6
"etapredr[2,12]",20872.7978694983,22595.4990062343,23586.4946771859,24666.7880983318,27291.7220477993,"etapredr[2,12]",1995,2,"ANMU","Ramsay Island",6
"etapredr[2,13]",21232.2854147416,23075.3946453489,24151.518421761,25328.0942535347,28213.5231292727,"etapredr[2,13]",1996,2,"ANMU","Ramsay Island",6
"etapredr[2,14]",21574.8405967541,23508.8313878959,24632.3140507326,25872.9213420168,28901.8297493863,"etapredr[2,14]",1997,2,"ANMU","Ramsay Island",6
"etapredr[2,15]",21902.655495266,23877.9994666264,25017.8367935559,26284.667627416,29338.2960028123,"etapredr[2,15]",1998,2,"ANMU","Ramsay Island",6
"etapredr[2,16]",22205.8847362898,24201.9165726074,25321.6532877961,26548.8000293759,29519.8040012073,"etapredr[2,16]",1999,2,"ANMU","Ramsay Island",6
"etapredr[2,17]",22500.1921729978,24458.0324287475,25549.3053412751,26725.597265058,29509.2078379391,"etapredr[2,17]",2000,2,"ANMU","Ramsay Island",6
"etapredr[2,18]",22785.6950782553,24676.3735733317,25732.8410665969,26857.6660781826,29410.3635397972,"etapredr[2,18]",2001,2,"ANMU","Ramsay Island",6
"etapredr[2,19]",23044.0506338179,24883.0417450732,25907.2833246489,26992.0355353694,29357.9589698692,"etapredr[2,19]",2002,2,"ANMU","Ramsay Island",6
"etapredr[2,20]",23288.3437054246,25104.1931011478,26109.5585450998,27190.1006405262,29432.2473613175,"etapredr[2,20]",2003,2,"ANMU","Ramsay Island",6
"etapredr[2,21]",23533.3113165775,25385.1503468332,26395.3751662317,27471.8009093576,29669.9323885831,"etapredr[2,21]",2004,2,"ANMU","Ramsay Island",6
"etapredr[2,22]",23886.0957647227,25748.8709559202,26784.9405856652,27856.0271733515,30085.9044637614,"etapredr[2,22]",2005,2,"ANMU","Ramsay Island",6
"etapredr[2,23]",24346.7145917575,26242.7158372258,27297.3394804094,28376.5370271975,30629.317778816,"etapredr[2,23]",2006,2,"ANMU","Ramsay Island",6
"etapredr[2,24]",24951.6293901327,26858.4379423786,27924.7270134527,29014.0427297351,31269.7698209398,"etapredr[2,24]",2007,2,"ANMU","Ramsay Island",6
"etapredr[2,25]",25651.2640632794,27593.3035449772,28668.1245893063,29768.526394803,32116.9816809998,"etapredr[2,25]",2008,2,"ANMU","Ramsay Island",6
"etapredr[2,26]",26400.3204896185,28391.5128673501,29495.8182822133,30628.3541617863,33066.3994793767,"etapredr[2,26]",2009,2,"ANMU","Ramsay Island",6
"etapredr[2,27]",27145.6713837733,29218.9091659169,30359.0122391192,31578.0707623624,34143.886784754,"etapredr[2,27]",2010,2,"ANMU","Ramsay Island",6
"etapredr[2,28]",27823.5059124855,30037.4481284638,31253.2712228927,32545.7035530219,35352.7742857502,"etapredr[2,28]",2011,2,"ANMU","Ramsay Island",6
"etapredr[2,29]",28320.0643385745,30755.9099573899,32100.5915891041,33499.9252931408,36636.7684994157,"etapredr[2,29]",2012,2,"ANMU","Ramsay Island",6
"etapredr[2,30]",28706.3808642935,31365.1076705073,32845.4629157861,34359.274921455,37827.413375817,"etapredr[2,30]",2013,2,"ANMU","Ramsay Island",6
"etapredr[2,31]",28974.5923269946,31826.6643196978,33441.228272677,35101.1822990086,38911.976418669,"etapredr[2,31]",2014,2,"ANMU","Ramsay Island",6
"etapredr[2,32]",29109.4979491886,32160.0022520205,33894.937109809,35724.0428425951,39953.6352494007,"etapredr[2,32]",2015,2,"ANMU","Ramsay Island",6
"etapredr[2,33]",29037.1209605549,32348.0309635854,34234.8059104321,36246.4275068137,40833.0977288825,"etapredr[2,33]",2016,2,"ANMU","Ramsay Island",6
"etapredr[2,34]",28762.3152590245,32418.6520731127,34481.5769934238,36676.6929922996,41664.6397058822,"etapredr[2,34]",2017,2,"ANMU","Ramsay Island",6
"etapredr[2,35]",28326.1430803352,32397.7112686786,34681.8542811636,37080.9383970035,42556.0630983118,"etapredr[2,35]",2018,2,"ANMU","Ramsay Island",6
"etapredr[2,36]",27787.3290854319,32347.7148026466,34856.3353657304,37453.7768342523,43597.5720914961,"etapredr[2,36]",2019,2,"ANMU","Ramsay Island",6
"etapredr[3,1]",26000,26000,26000,26000,26000,"etapredr[3,1]",1984,3,"ANMU","Rankine Island",6
"etapredr[3,2]",25654.9791715766,26040.1179924329,26199.2273520929,26358.1867935015,26727.6233697217,"etapredr[3,2]",1985,3,"ANMU","Rankine Island",6
"etapredr[3,3]",25325.84185213,26078.6151395057,26392.0669563374,26709.2696891887,27452.0147585547,"etapredr[3,3]",1986,3,"ANMU","Rankine Island",6
"etapredr[3,4]",25028.1022694986,26110.6394115808,26570.4789017356,27034.6699945173,28128.81998424,"etapredr[3,4]",1987,3,"ANMU","Rankine Island",6
"etapredr[3,5]",24770.4770273725,26133.2403604674,26723.38092455,27318.045137989,28758.5142272925,"etapredr[3,5]",1988,3,"ANMU","Rankine Island",6
"etapredr[3,6]",24561.9259997771,26147.706488014,26847.274130648,27550.0345342563,29245.6494406133,"etapredr[3,6]",1989,3,"ANMU","Rankine Island",6
"etapredr[3,7]",24379.5017379778,26133.3231524945,26928.3702593078,27720.822323258,29606.8445505611,"etapredr[3,7]",1990,3,"ANMU","Rankine Island",6
"etapredr[3,8]",24191.4456768341,26083.3655474992,26953.3238733293,27827.8692198435,29874.0360999693,"etapredr[3,8]",1991,3,"ANMU","Rankine Island",6
"etapredr[3,9]",24008.0420420635,26004.6215092262,26964.2202814956,27899.9991537349,30066.0937301404,"etapredr[3,9]",1992,3,"ANMU","Rankine Island",6
"etapredr[3,10]",23828.6464723025,25894.4387215134,26917.7205036502,27926.1899990944,30209.1742407179,"etapredr[3,10]",1993,3,"ANMU","Rankine Island",6
"etapredr[3,11]",23593.8742669569,25766.1984115889,26850.1648098398,27942.7626639589,30351.2182131368,"etapredr[3,11]",1994,3,"ANMU","Rankine Island",6
"etapredr[3,12]",23368.7685014848,25642.3393629611,26770.2116101544,27933.5332890922,30407.0978458789,"etapredr[3,12]",1995,3,"ANMU","Rankine Island",6
"etapredr[3,13]",23210.7845826425,25537.2004104773,26700.4250798768,27924.7036563169,30467.052709273,"etapredr[3,13]",1996,3,"ANMU","Rankine Island",6
"etapredr[3,14]",23102.0366525282,25464.1171436756,26641.2111758491,27912.06681885,30461.3163310293,"etapredr[3,14]",1997,3,"ANMU","Rankine Island",6
"etapredr[3,15]",23067.2469489062,25428.6932126968,26619.145633911,27915.7660330413,30487.3685114344,"etapredr[3,15]",1998,3,"ANMU","Rankine Island",6
"etapredr[3,16]",23163.1904647875,25443.6195457886,26623.9297568619,27929.6823290973,30480.7599403288,"etapredr[3,16]",1999,3,"ANMU","Rankine Island",6
"etapredr[3,17]",23294.4384035945,25515.1820753242,26680.2370606733,27981.6430457755,30492.4418081724,"etapredr[3,17]",2000,3,"ANMU","Rankine Island",6
"etapredr[3,18]",23487.5595305208,25631.9601595417,26790.7279271527,28076.8000323773,30556.2440348315,"etapredr[3,18]",2001,3,"ANMU","Rankine Island",6
"etapredr[3,19]",23696.1937940425,25777.723758576,26961.8524462898,28214.8557726653,30718.4010216298,"etapredr[3,19]",2002,3,"ANMU","Rankine Island",6
"etapredr[3,20]",23848.9805590629,25959.2405073939,27150.488684218,28422.6164881127,30963.8158483455,"etapredr[3,20]",2003,3,"ANMU","Rankine Island",6
"etapredr[3,21]",24053.1671596914,26166.2626345127,27383.1925676453,28674.540632359,31282.108751589,"etapredr[3,21]",2004,3,"ANMU","Rankine Island",6
"etapredr[3,22]",24268.1919885799,26403.6090292786,27642.0090477996,28947.8215066059,31573.0101416767,"etapredr[3,22]",2005,3,"ANMU","Rankine Island",6
"etapredr[3,23]",24509.1269253259,26664.5693661777,27898.8613265127,29219.3849460187,31860.2262811973,"etapredr[3,23]",2006,3,"ANMU","Rankine Island",6
"etapredr[3,24]",24768.4380071608,26916.1933179932,28159.429870438,29474.7988993113,32137.2849224656,"etapredr[3,24]",2007,3,"ANMU","Rankine Island",6
"etapredr[3,25]",25020.9210990541,27165.2459679084,28404.2482490292,29735.230892146,32408.6361655318,"etapredr[3,25]",2008,3,"ANMU","Rankine Island",6
"etapredr[3,26]",25244.0458184387,27382.4831225746,28620.9772648304,29975.652510435,32724.28921475,"etapredr[3,26]",2009,3,"ANMU","Rankine Island",6
"etapredr[3,27]",25407.2045532571,27571.6026736128,28828.4572153732,30202.3891977796,33052.8073983372,"etapredr[3,27]",2010,3,"ANMU","Rankine Island",6
"etapredr[3,28]",25529.8569782984,27722.8025004476,29001.6028149419,30412.1287541276,33371.50278031,"etapredr[3,28]",2011,3,"ANMU","Rankine Island",6
"etapredr[3,29]",25570.0810689195,27836.0639872328,29139.5474124133,30580.8274298739,33589.5973613869,"etapredr[3,29]",2012,3,"ANMU","Rankine Island",6
"etapredr[3,30]",25591.6283303072,27922.6567008563,29241.761676127,30723.6052544983,33760.2237063559,"etapredr[3,30]",2013,3,"ANMU","Rankine Island",6
"etapredr[3,31]",25597.114657011,27964.9104203071,29330.1435819378,30810.6986582277,33865.4034252396,"etapredr[3,31]",2014,3,"ANMU","Rankine Island",6
"etapredr[3,32]",25586.9499429992,27993.0954972882,29384.1125305434,30857.0830691419,34000.5903471544,"etapredr[3,32]",2015,3,"ANMU","Rankine Island",6
"etapredr[3,33]",25546.9880707886,28002.3552964546,29419.4061008609,30901.8186986208,34126.4557989324,"etapredr[3,33]",2016,3,"ANMU","Rankine Island",6
"etapredr[3,34]",25453.582559159,27979.7596378305,29429.9803970756,30966.9032458574,34235.7473881048,"etapredr[3,34]",2017,3,"ANMU","Rankine Island",6
"etapredr[3,35]",25226.0616908564,27914.2995879176,29442.5233856735,31060.3678031886,34482.7594026205,"etapredr[3,35]",2018,3,"ANMU","Rankine Island",6
"etapredr[3,36]",24863.4584590391,27790.3225259131,29451.0445453538,31198.7972011654,34804.3229035448,"etapredr[3,36]",2019,3,"ANMU","Rankine Island",6
"etapredr[1,1]1",9012.41852046568,11031.6167248594,12211.4361328699,13519.0599501744,16547.712583244,"etapredr[1,1]",1984,1,"CAAU","East Copper Island",6
"etapredr[1,2]1",9379.0919032339,11361.6399451491,12480.7266734989,13728.06749403,16553.0056476755,"etapredr[1,2]",1985,1,"CAAU","East Copper Island",6
"etapredr[1,3]1",9694.17388141528,11655.1138497265,12769.7218520975,13976.7219549768,16686.1091076002,"etapredr[1,3]",1986,1,"CAAU","East Copper Island",6
"etapredr[1,4]1",9961.21134332756,11923.8390874805,13037.6649221265,14243.1705492417,16868.002556471,"etapredr[1,4]",1987,1,"CAAU","East Copper Island",6
"etapredr[1,5]1",10152.2920391923,12135.1861203435,13292.6156093214,14497.0500635254,17126.3460174503,"etapredr[1,5]",1988,1,"CAAU","East Copper Island",6
"etapredr[1,6]1",10324.3653243419,12327.5360907118,13497.7998945274,14713.1148984134,17306.8334995203,"etapredr[1,6]",1989,1,"CAAU","East Copper Island",6
"etapredr[1,7]1",10472.0500816129,12486.1071487616,13640.5914583262,14847.1925093485,17391.0766955643,"etapredr[1,7]",1990,1,"CAAU","East Copper Island",6
"etapredr[1,8]1",10600.6583249421,12575.0304528587,13717.7278177977,14906.9514394933,17368.6171703399,"etapredr[1,8]",1991,1,"CAAU","East Copper Island",6
"etapredr[1,9]1",10697.4434755046,12580.4033575284,13719.4429328717,14875.7304618849,17244.2441302055,"etapredr[1,9]",1992,1,"CAAU","East Copper Island",6
"etapredr[1,10]1",10619.5970092947,12505.5290068462,13625.3722377553,14761.1378037078,17046.4552510768,"etapredr[1,10]",1993,1,"CAAU","East Copper Island",6
"etapredr[1,11]1",10373.4458010932,12332.8687480212,13455.578548748,14564.0269067553,16895.4410261643,"etapredr[1,11]",1994,1,"CAAU","East Copper Island",6
"etapredr[1,12]1",10097.0953737205,12060.1933346888,13192.348874674,14284.6207552058,16683.6115098447,"etapredr[1,12]",1995,1,"CAAU","East Copper Island",6
"etapredr[1,13]1",9804.97143013561,11748.0453543568,12856.3161119719,13929.8154590777,16388.7280039603,"etapredr[1,13]",1996,1,"CAAU","East Copper Island",6
"etapredr[1,14]1",9551.19932704474,11441.4893590013,12455.8044685695,13475.7115369639,15861.9023233285,"etapredr[1,14]",1997,1,"CAAU","East Copper Island",6
"etapredr[1,15]1",9384.69224675974,11148.717948676,12050.2560049327,12953.1496817872,15135.6593737038,"etapredr[1,15]",1998,1,"CAAU","East Copper Island",6
"etapredr[1,16]1",9369.09549763357,10899.2875696046,11646.5488107991,12394.3709417165,14257.9801798057,"etapredr[1,16]",1999,1,"CAAU","East Copper Island",6
"etapredr[1,17]1",9502.55600044153,10712.5142774651,11278.3706853968,11848.9494486846,13275.198134499,"etapredr[1,17]",2000,1,"CAAU","East Copper Island",6
"etapredr[1,18]1",9762.21029126852,10597.3120117314,10970.4874005835,11345.1237751313,12266.4416807019,"etapredr[1,18]",2001,1,"CAAU","East Copper Island",6
"etapredr[1,19]1",10139.6783026259,10557.4811003756,10741.7553464054,10921.3397165256,11363.570170274,"etapredr[1,19]",2002,1,"CAAU","East Copper Island",6
"etapredr[1,20]1",10600,10600,10600,10600,10600,"etapredr[1,20]",2003,1,"CAAU","East Copper Island",6
"etapredr[1,21]1",10025.3118155855,10395.9811613805,10555.0457212549,10720.9808834891,11121.523157869,"etapredr[1,21]",2004,1,"CAAU","East Copper Island",6
"etapredr[1,22]1",9648.20160219117,10316.7673761045,10609.0379833912,10918.7022286955,11668.4006503665,"etapredr[1,22]",2005,1,"CAAU","East Copper Island",6
"etapredr[1,23]1",9468.13825572967,10351.476572877,10758.0443870858,11185.8999438552,12219.4103058182,"etapredr[1,23]",2006,1,"CAAU","East Copper Island",6
"etapredr[1,24]1",9458.15889376142,10493.1780892064,10992.7504898219,11515.8798332057,12761.2221713437,"etapredr[1,24]",2007,1,"CAAU","East Copper Island",6
"etapredr[1,25]1",9567.36346548273,10711.286910688,11300.0434258264,11898.7584759529,13291.8725699998,"etapredr[1,25]",2008,1,"CAAU","East Copper Island",6
"etapredr[1,26]1",9730.76757311662,10971.6504666578,11639.7087347774,12316.7872632265,13835.2883507971,"etapredr[1,26]",2009,1,"CAAU","East Copper Island",6
"etapredr[1,27]1",9887.52975336252,11239.1916972079,11989.8554374373,12755.1390705021,14448.7165847926,"etapredr[1,27]",2010,1,"CAAU","East Copper Island",6
"etapredr[1,28]1",10016.6091282115,11492.2645330637,12325.962664665,13182.9155277399,15059.7382130883,"etapredr[1,28]",2011,1,"CAAU","East Copper Island",6
"etapredr[1,29]1",10082.9114546004,11697.9280863896,12612.4090779966,13567.4506998192,15664.3364357612,"etapredr[1,29]",2012,1,"CAAU","East Copper Island",6
"etapredr[1,30]1",10128.6707264541,11842.2322007312,12825.2877139408,13866.2965550388,16129.8149125041,"etapredr[1,30]",2013,1,"CAAU","East Copper Island",6
"etapredr[1,31]1",10109.3581403941,11922.5246346774,12959.2815493984,14070.312911859,16498.6107166386,"etapredr[1,31]",2014,1,"CAAU","East Copper Island",6
"etapredr[1,32]1",10031.765029479,11910.9571025248,13003.8813794393,14174.1433181329,16758.5081366268,"etapredr[1,32]",2015,1,"CAAU","East Copper Island",6
"etapredr[1,33]1",9898.31687960105,11829.2925026832,12970.4364440052,14192.2559373241,16895.6708798724,"etapredr[1,33]",2016,1,"CAAU","East Copper Island",6
"etapredr[1,34]1",9662.83280098495,11684.6178683687,12876.7548470722,14165.5573999985,17063.1436352597,"etapredr[1,34]",2017,1,"CAAU","East Copper Island",6
"etapredr[1,35]1",9349.78891147229,11504.738622435,12741.7423897048,14117.3351652632,17251.3021889615,"etapredr[1,35]",2018,1,"CAAU","East Copper Island",6
"etapredr[1,36]1",8989.87380104133,11284.1968623865,12589.6350127658,14073.3296983773,17537.549640111,"etapredr[1,36]",2019,1,"CAAU","East Copper Island",6
"etapredr[2,1]1",12900,12900,12900,12900,12900,"etapredr[2,1]",1984,2,"CAAU","Ramsay Island",6
"etapredr[2,2]1",12517.5490648608,12985.9196399406,13217.0253123601,13427.8370662697,13834.2689763503,"etapredr[2,2]",1985,2,"CAAU","Ramsay Island",6
"etapredr[2,3]1",12181.0907754244,13078.7168518129,13540.1985936037,13966.5497845555,14803.2355158316,"etapredr[2,3]",1986,2,"CAAU","Ramsay Island",6
"etapredr[2,4]1",11916.2150103439,13185.0928455655,13862.407992551,14498.4934238252,15778.0277842927,"etapredr[2,4]",1987,2,"CAAU","Ramsay Island",6
"etapredr[2,5]1",11741.1048664271,13315.1673274651,14179.5861964617,15001.2529264295,16680.292255856,"etapredr[2,5]",1988,2,"CAAU","Ramsay Island",6
"etapredr[2,6]1",11683.2408046567,13472.6893314637,14471.0438695816,15456.3595745502,17470.5352911915,"etapredr[2,6]",1989,2,"CAAU","Ramsay Island",6
"etapredr[2,7]1",11696.2191221264,13630.1955793337,14740.3151937196,15851.6852767457,18081.6340688222,"etapredr[2,7]",1990,2,"CAAU","Ramsay Island",6
"etapredr[2,8]1",11775.4137566715,13787.6125002224,14977.9753527497,16163.9785624227,18573.1207454684,"etapredr[2,8]",1991,2,"CAAU","Ramsay Island",6
"etapredr[2,9]1",11840.3201198209,13900.0051759861,15138.1187942169,16405.852532741,18938.9711730767,"etapredr[2,9]",1992,2,"CAAU","Ramsay Island",6
"etapredr[2,10]1",11820.1114860308,13969.4618940765,15249.051307534,16560.9318722669,19242.5215093823,"etapredr[2,10]",1993,2,"CAAU","Ramsay Island",6
"etapredr[2,11]1",11636.2457724522,13942.6838805737,15261.145235423,16633.3098442555,19478.3275474237,"etapredr[2,11]",1994,2,"CAAU","Ramsay Island",6
"etapredr[2,12]1",11446.0035394775,13818.9606628752,15188.5594186469,16619.0497638857,19627.453422453,"etapredr[2,12]",1995,2,"CAAU","Ramsay Island",6
"etapredr[2,13]1",11175.0640423355,13621.5007375136,15019.8254513199,16506.0691829729,19658.6009955877,"etapredr[2,13]",1996,2,"CAAU","Ramsay Island",6
"etapredr[2,14]1",10943.4559583573,13371.8127919036,14754.5467483559,16272.0805336191,19569.5547549791,"etapredr[2,14]",1997,2,"CAAU","Ramsay Island",6
"etapredr[2,15]1",10758.8081103266,13112.6561894358,14455.8063487419,15941.3060490276,19185.2273486781,"etapredr[2,15]",1998,2,"CAAU","Ramsay Island",6
"etapredr[2,16]1",10659.9738026248,12858.5014929379,14137.3434564104,15566.5203997109,18630.4273977658,"etapredr[2,16]",1999,2,"CAAU","Ramsay Island",6
"etapredr[2,17]1",10575.0707526109,12637.3614771167,13839.7135005699,15169.6381202758,18023.6774025425,"etapredr[2,17]",2000,2,"CAAU","Ramsay Island",6
"etapredr[2,18]1",10535.2126695833,12469.1139730077,13604.8960105881,14838.4430165991,17464.3915904398,"etapredr[2,18]",2001,2,"CAAU","Ramsay Island",6
"etapredr[2,19]1",10548.075760675,12361.3138325076,13443.4679564162,14617.7333850968,17011.7623683553,"etapredr[2,19]",2002,2,"CAAU","Ramsay Island",6
"etapredr[2,20]1",10567.9190574142,12359.7838705648,13404.9481874189,14520.5084236873,16884.6662445611,"etapredr[2,20]",2003,2,"CAAU","Ramsay Island",6
"etapredr[2,21]1",10659.2551631443,12441.6458476902,13498.7601478989,14579.3700351494,16976.9036282664,"etapredr[2,21]",2004,2,"CAAU","Ramsay Island",6
"etapredr[2,22]1",10848.251400018,12646.6329530304,13721.7187466633,14828.7091529735,17273.5674014869,"etapredr[2,22]",2005,2,"CAAU","Ramsay Island",6
"etapredr[2,23]1",11151.0586668071,12988.9662448223,14092.9539322611,15228.8670815565,17754.3266992776,"etapredr[2,23]",2006,2,"CAAU","Ramsay Island",6
"etapredr[2,24]1",11563.4052769846,13479.8625815234,14609.9921239497,15754.2660090067,18363.1715974172,"etapredr[2,24]",2007,2,"CAAU","Ramsay Island",6
"etapredr[2,25]1",12089.1309187973,14076.5293044478,15231.4144569872,16402.3757592614,19065.0880979176,"etapredr[2,25]",2008,2,"CAAU","Ramsay Island",6
"etapredr[2,26]1",12671.7437846982,14744.7964457287,15931.5759056347,17170.3638570861,19894.114184839,"etapredr[2,26]",2009,2,"CAAU","Ramsay Island",6
"etapredr[2,27]1",13187.0996291981,15433.096934323,16662.6153828958,18007.1011948991,20864.1175583091,"etapredr[2,27]",2010,2,"CAAU","Ramsay Island",6
"etapredr[2,28]1",13655.3686881106,16051.3589718918,17396.6496193334,18874.1820728051,22044.065333062,"etapredr[2,28]",2011,2,"CAAU","Ramsay Island",6
"etapredr[2,29]1",13923.9978573176,16572.6438893333,18059.6263241756,19700.8629439618,23232.1400226822,"etapredr[2,29]",2012,2,"CAAU","Ramsay Island",6
"etapredr[2,30]1",14089.0784080997,16958.9167114795,18604.5217064951,20447.9612370648,24437.453684344,"etapredr[2,30]",2013,2,"CAAU","Ramsay Island",6
"etapredr[2,31]1",14094.3414553104,17182.5908240632,18994.3028717531,20988.412283041,25426.4239646816,"etapredr[2,31]",2014,2,"CAAU","Ramsay Island",6
"etapredr[2,32]1",13977.2530276688,17260.651822475,19217.1888330914,21387.0288366556,26356.3163496188,"etapredr[2,32]",2015,2,"CAAU","Ramsay Island",6
"etapredr[2,33]1",13671.8044139108,17173.8811513781,19279.3248117829,21641.3444098138,27180.6948052094,"etapredr[2,33]",2016,2,"CAAU","Ramsay Island",6
"etapredr[2,34]1",13253.2684302768,16969.9830715656,19211.0695430182,21788.3811987707,27971.4473692198,"etapredr[2,34]",2017,2,"CAAU","Ramsay Island",6
"etapredr[2,35]1",12694.7923217012,16686.6472278688,19100.5513286887,21896.4038917789,28807.2098831981,"etapredr[2,35]",2018,2,"CAAU","Ramsay Island",6
"etapredr[2,36]1",12114.474250048,16352.7816409739,18934.1285239483,22010.3614996892,29860.6842799518,"etapredr[2,36]",2019,2,"CAAU","Ramsay Island",6
"etapredr[3,1]1",22000,22000,22000,22000,22000,"etapredr[3,1]",1984,3,"CAAU","Rankine Island",6
"etapredr[3,2]1",21203.9098584283,22053.1400082873,22470.0906631938,22858.4729930522,23656.5078923179,"etapredr[3,2]",1985,3,"CAAU","Rankine Island",6
"etapredr[3,3]1",20444.5220340966,22088.7256343294,22917.1474165127,23703.2781629116,25337.8536642643,"etapredr[3,3]",1986,3,"CAAU","Rankine Island",6
"etapredr[3,4]1",19731.6281780196,22084.876171398,23296.1770873877,24462.0370388965,26926.2638516457,"etapredr[3,4]",1987,3,"CAAU","Rankine Island",6
"etapredr[3,5]1",19058.3818171123,21999.9486340048,23542.3457775252,25050.2660634364,28243.6271532595,"etapredr[3,5]",1988,3,"CAAU","Rankine Island",6
"etapredr[3,6]1",18441.0429514689,21789.6970105265,23624.4693221179,25394.4515314106,29132.7010620498,"etapredr[3,6]",1989,3,"CAAU","Rankine Island",6
"etapredr[3,7]1",17828.4151018599,21439.1238380098,23476.6592675833,25442.865580298,29538.8803126446,"etapredr[3,7]",1990,3,"CAAU","Rankine Island",6
"etapredr[3,8]1",17182.0823481054,20947.8124671567,23086.2656841454,25202.5477654667,29484.7664440491,"etapredr[3,8]",1991,3,"CAAU","Rankine Island",6
"etapredr[3,9]1",16518.2666915422,20300.5318415176,22490.9487947506,24657.6246412496,28920.4860053124,"etapredr[3,9]",1992,3,"CAAU","Rankine Island",6
"etapredr[3,10]1",15807.0363880785,19535.8428733613,21698.1656506885,23899.3019237299,28116.9634383727,"etapredr[3,10]",1993,3,"CAAU","Rankine Island",6
"etapredr[3,11]1",15084.1877516655,18697.01804883,20799.1493670733,22972.9645727184,27225.8459854238,"etapredr[3,11]",1994,3,"CAAU","Rankine Island",6
"etapredr[3,12]1",14332.7078227815,17815.0943531145,19837.6964718791,21961.7396687048,26201.6540916982,"etapredr[3,12]",1995,3,"CAAU","Rankine Island",6
"etapredr[3,13]1",13649.3386403073,16966.2736951949,18905.141784969,20934.3180893507,25036.6758500298,"etapredr[3,13]",1996,3,"CAAU","Rankine Island",6
"etapredr[3,14]1",13062.5252809176,16187.9461025304,18034.5721846398,19941.7009128841,23861.3051811697,"etapredr[3,14]",1997,3,"CAAU","Rankine Island",6
"etapredr[3,15]1",12661.6433007867,15535.8812246628,17252.1656387355,19020.4570345954,22703.5730294087,"etapredr[3,15]",1998,3,"CAAU","Rankine Island",6
"etapredr[3,16]1",12389.8551023479,15017.455514986,16591.5815169462,18205.0731863154,21625.795133339,"etapredr[3,16]",1999,3,"CAAU","Rankine Island",6
"etapredr[3,17]1",12225.6728798408,14646.9063524402,16079.6787585578,17559.947593458,20721.986658642,"etapredr[3,17]",2000,3,"CAAU","Rankine Island",6
"etapredr[3,18]1",12143.684589886,14385.1633017584,15714.5049211604,17083.3756897615,20022.7405857033,"etapredr[3,18]",2001,3,"CAAU","Rankine Island",6
"etapredr[3,19]1",12088.2867999853,14223.2852921916,15488.3249843856,16820.1401478232,19609.803056281,"etapredr[3,19]",2002,3,"CAAU","Rankine Island",6
"etapredr[3,20]1",12048.8679288757,14169.2745536975,15393.539634084,16726.6243101748,19486.2173423024,"etapredr[3,20]",2003,3,"CAAU","Rankine Island",6
"etapredr[3,21]1",12057.7562260997,14184.2969556103,15428.4121945743,16753.141485041,19570.3439417385,"etapredr[3,21]",2004,3,"CAAU","Rankine Island",6
"etapredr[3,22]1",12122.1814184347,14299.5225368007,15557.8004625261,16902.6646329497,19752.4673920856,"etapredr[3,22]",2005,3,"CAAU","Rankine Island",6
"etapredr[3,23]1",12321.1094248361,14477.0438492109,15765.2590385472,17130.8990991698,20123.7225806543,"etapredr[3,23]",2006,3,"CAAU","Rankine Island",6
"etapredr[3,24]1",12535.439875753,14716.2028363517,16019.0727593847,17373.6026194705,20408.39513503,"etapredr[3,24]",2007,3,"CAAU","Rankine Island",6
"etapredr[3,25]1",12783.8840024656,15004.5310008083,16297.3897257852,17658.6932159303,20706.5167893974,"etapredr[3,25]",2008,3,"CAAU","Rankine Island",6
"etapredr[3,26]1",13037.4107055065,15264.2243052609,16558.2840718676,17961.6108752709,21016.4428365692,"etapredr[3,26]",2009,3,"CAAU","Rankine Island",6
"etapredr[3,27]1",13217.4549095924,15491.9765993795,16814.1851869994,18253.8238195451,21340.6643683703,"etapredr[3,27]",2010,3,"CAAU","Rankine Island",6
"etapredr[3,28]1",13346.5471405846,15664.3313917688,17012.5030283719,18516.3171848402,21681.7339947503,"etapredr[3,28]",2011,3,"CAAU","Rankine Island",6
"etapredr[3,29]1",13338.2667117687,15761.6743255994,17175.7246440047,18731.9875405711,22088.0163347974,"etapredr[3,29]",2012,3,"CAAU","Rankine Island",6
"etapredr[3,30]1",13349.8822321514,15802.8049653115,17265.6006557383,18877.4560554244,22392.7998056675,"etapredr[3,30]",2013,3,"CAAU","Rankine Island",6
"etapredr[3,31]1",13310.8739075633,15788.5515453704,17288.8885025572,18964.5887773295,22546.7024517415,"etapredr[3,31]",2014,3,"CAAU","Rankine Island",6
"etapredr[3,32]1",13235.3981572757,15736.5292672475,17267.7263362757,18965.166440226,22541.8402460905,"etapredr[3,32]",2015,3,"CAAU","Rankine Island",6
"etapredr[3,33]1",13165.3202029128,15657.6548803884,17196.8133873381,18902.2884339369,22518.6051915095,"etapredr[3,33]",2016,3,"CAAU","Rankine Island",6
"etapredr[3,34]1",13038.92366161,15539.2061661347,17101.3603544027,18832.4658642809,22459.0881995333,"etapredr[3,34]",2017,3,"CAAU","Rankine Island",6
"etapredr[3,35]1",12805.5240916515,15382.0917981221,16971.2289457178,18763.8092442309,22552.9119843124,"etapredr[3,35]",2018,3,"CAAU","Rankine Island",6
"etapredr[3,36]1",12464.2391963176,15161.8960461172,16833.2150392341,18726.440119146,22803.8614204279,"etapredr[3,36]",2019,3,"CAAU","Rankine Island",6
"etapredr[4,1]",369080.031505418,428197.638917613,459517.560353901,492421.365591198,558375.90801279,"etapredr[4,1]",1984,4,"CAAU","Triangle Island",6
"etapredr[4,2]",403872.934187622,452639.467910831,477908.80446991,503966.631680696,555193.565769725,"etapredr[4,2]",1985,4,"CAAU","Triangle Island",6
"etapredr[4,3]",440939.777628162,478027.097942964,496703.616135742,515833.574346651,552560.371740631,"etapredr[4,3]",1986,4,"CAAU","Triangle Island",6
"etapredr[4,4]",478743.404694465,503056.361251289,515221.312057953,527440.370404523,550686.35958083,"etapredr[4,4]",1987,4,"CAAU","Triangle Island",6
"etapredr[4,5]",514994.093756886,526816.397406027,532634.071899095,538465.494696801,549204.357579109,"etapredr[4,5]",1988,4,"CAAU","Triangle Island",6
"etapredr[4,6]",548000,548000,548000,548000,548000,"etapredr[4,6]",1989,4,"CAAU","Triangle Island",6
"etapredr[4,7]",545817.277664633,554968.091725155,560031.081401102,565215.97248761,575607.580008869,"etapredr[4,7]",1990,4,"CAAU","Triangle Island",6
"etapredr[4,8]",541355.563868541,558188.654949026,567677.263676397,577320.16093481,596382.172392805,"etapredr[4,8]",1991,4,"CAAU","Triangle Island",6
"etapredr[4,9]",532772.232666264,556634.321735491,569865.488663392,583679.112203523,611095.896833522,"etapredr[4,9]",1992,4,"CAAU","Triangle Island",6
"etapredr[4,10]",519098.417148617,549030.751110061,565822.808967729,583490.200441523,619104.080338264,"etapredr[4,10]",1993,4,"CAAU","Triangle Island",6
"etapredr[4,11]",500600.759323857,535544.313376654,555476.602609845,576629.508412156,619860.473156098,"etapredr[4,11]",1994,4,"CAAU","Triangle Island",6
"etapredr[4,12]",477268.414570274,516972.958281399,539558.449049931,563591.772668429,612807.526033825,"etapredr[4,12]",1995,4,"CAAU","Triangle Island",6
"etapredr[4,13]",452001.337804249,494405.414455735,518593.266714622,544575.76668876,598192.96034326,"etapredr[4,13]",1996,4,"CAAU","Triangle Island",6
"etapredr[4,14]",426660.803863005,469688.510150332,494487.297610582,520958.035124461,576176.352053829,"etapredr[4,14]",1997,4,"CAAU","Triangle Island",6
"etapredr[4,15]",401791.016006425,444321.01623393,468405.116670214,494803.305349461,549341.33834889,"etapredr[4,15]",1998,4,"CAAU","Triangle Island",6
"etapredr[4,16]",378303.302972736,419607.129782236,442535.212174871,467686.692035206,519728.883553123,"etapredr[4,16]",1999,4,"CAAU","Triangle Island",6
"etapredr[4,17]",358481.237257318,397013.544449871,418324.573561783,441723.868633818,490265.161742199,"etapredr[4,17]",2000,4,"CAAU","Triangle Island",6
"etapredr[4,18]",340976.907203446,377160.086160865,396932.263582047,418251.168923368,463270.692282465,"etapredr[4,18]",2001,4,"CAAU","Triangle Island",6
"etapredr[4,19]",327217.921694203,360914.055231053,379366.476527479,399125.639698975,440774.679823384,"etapredr[4,19]",2002,4,"CAAU","Triangle Island",6
"etapredr[4,20]",316902.129527305,348732.234779224,366153.753989886,384706.096168008,423776.850833483,"etapredr[4,20]",2003,4,"CAAU","Triangle Island",6
"etapredr[4,21]",310264.587026654,340990.116502882,357487.948786844,375271.474887995,412341.409772274,"etapredr[4,21]",2004,4,"CAAU","Triangle Island",6
"etapredr[4,22]",308310.316764605,337520.474725149,353575.565908681,370698.079091612,406292.721595509,"etapredr[4,22]",2005,4,"CAAU","Triangle Island",6
"etapredr[4,23]",309955.539693642,338375.323988009,354265.481373652,370638.037149172,404844.444407973,"etapredr[4,23]",2006,4,"CAAU","Triangle Island",6
"etapredr[4,24]",315315.444516616,343280.425825685,358957.902936998,374669.462705234,408197.56522267,"etapredr[4,24]",2007,4,"CAAU","Triangle Island",6
"etapredr[4,25]",323316.878657715,351383.77121886,367006.36314501,382787.646304301,416232.123092304,"etapredr[4,25]",2008,4,"CAAU","Triangle Island",6
"etapredr[4,26]",332848.049202628,361529.452228783,377578.461063546,393724.444343364,427661.081436302,"etapredr[4,26]",2009,4,"CAAU","Triangle Island",6
"etapredr[4,27]",341878.874853092,372796.513031863,389545.74166969,406690.814751062,442127.192112593,"etapredr[4,27]",2010,4,"CAAU","Triangle Island",6
"etapredr[4,28]",350932.376433504,383851.610953537,401775.855579805,420245.162767817,458017.393680388,"etapredr[4,28]",2011,4,"CAAU","Triangle Island",6
"etapredr[4,29]",358628.136687417,393582.839381067,412844.022723127,432688.479029376,473429.464177288,"etapredr[4,29]",2012,4,"CAAU","Triangle Island",6
"etapredr[4,30]",364946.573160061,401842.900922248,421920.506405602,442845.802020298,485715.024338474,"etapredr[4,30]",2013,4,"CAAU","Triangle Island",6
"etapredr[4,31]",370780.861803256,407478.842970334,427919.855479164,449413.011770164,492755.367600306,"etapredr[4,31]",2014,4,"CAAU","Triangle Island",6
"etapredr[4,32]",374152.671543127,410383.610311329,430828.528963093,451791.667300422,495113.06285467,"etapredr[4,32]",2015,4,"CAAU","Triangle Island",6
"etapredr[4,33]",375214.727587399,410677.348953994,430768.915452484,451183.458026131,494058.599898599,"etapredr[4,33]",2016,4,"CAAU","Triangle Island",6
"etapredr[4,34]",374039.330213997,408558.662622911,428368.907756942,448491.381128442,490973.692827982,"etapredr[4,34]",2017,4,"CAAU","Triangle Island",6
"etapredr[4,35]",370130.653458497,404426.537560958,424187.677026998,444719.534313406,488658.748308485,"etapredr[4,35]",2018,4,"CAAU","Triangle Island",6
"etapredr[4,36]",361883.661489357,398743.143215982,419914.263288492,441891.740525331,488589.631987955,"etapredr[4,36]",2019,4,"CAAU","Triangle Island",6
"etapredr[1,1]2",25300,25300,25300,25300,25300,"etapredr[1,1]",1984,1,"RHAU","Lucy Islands",6
"etapredr[1,2]2",24797.5659311952,25244.0853543419,25467.3943804734,25708.090149277,26339.2673750985,"etapredr[1,2]",1985,1,"RHAU","Lucy Islands",6
"etapredr[1,3]2",24307.1185178328,25188.2464458488,25633.0030535177,26114.6976542426,27397.0763069333,"etapredr[1,3]",1986,1,"RHAU","Lucy Islands",6
"etapredr[1,4]2",23840.9147216924,25138.6388421,25791.4934233323,26506.8918469128,28438.4996031183,"etapredr[1,4]",1987,1,"RHAU","Lucy Islands",6
"etapredr[1,5]2",23422.5453357876,25094.9772375222,25942.2842467715,26880.3547563926,29443.9966828645,"etapredr[1,5]",1988,1,"RHAU","Lucy Islands",6
"etapredr[1,6]2",23052.4176277943,25046.1319016343,26087.0569699769,27232.6113593919,30390.5545424712,"etapredr[1,6]",1989,1,"RHAU","Lucy Islands",6
"etapredr[1,7]2",22698.1335308559,24986.7827222255,26215.366518903,27561.8806745291,31242.5421253356,"etapredr[1,7]",1990,1,"RHAU","Lucy Islands",6
"etapredr[1,8]2",22315.7899718869,24932.0063497963,26307.988947535,27873.8993137859,32088.8955728139,"etapredr[1,8]",1991,1,"RHAU","Lucy Islands",6
"etapredr[1,9]2",21928.5117088016,24850.2270599121,26400.5804724436,28181.6145162974,32995.9388435612,"etapredr[1,9]",1992,1,"RHAU","Lucy Islands",6
"etapredr[1,10]2",21524.8960010367,24745.7840327251,26488.9323667962,28469.1737479987,33939.2859249808,"etapredr[1,10]",1993,1,"RHAU","Lucy Islands",6
"etapredr[1,11]2",21139.8416668534,24651.5134217365,26548.0619356838,28767.806963344,34748.5642687914,"etapredr[1,11]",1994,1,"RHAU","Lucy Islands",6
"etapredr[1,12]2",20756.5259266768,24549.9121370183,26608.9104879107,29046.5202650784,35704.7160683098,"etapredr[1,12]",1995,1,"RHAU","Lucy Islands",6
"etapredr[1,13]2",20458.8666672187,24473.5280714616,26674.2989409712,29317.9737921807,36484.0540776276,"etapredr[1,13]",1996,1,"RHAU","Lucy Islands",6
"etapredr[1,14]2",20230.9526319284,24452.9720798877,26782.9128518787,29555.2694678069,37019.2936962091,"etapredr[1,14]",1997,1,"RHAU","Lucy Islands",6
"etapredr[1,15]2",20166.0884591164,24480.1149120914,26876.4598804409,29755.6904573505,37391.3684909427,"etapredr[1,15]",1998,1,"RHAU","Lucy Islands",6
"etapredr[1,16]2",20183.5421918801,24557.8903428014,27018.3817044109,29906.9375304228,37673.3791382681,"etapredr[1,16]",1999,1,"RHAU","Lucy Islands",6
"etapredr[1,17]2",20326.9685194268,24666.2130265083,27161.3626153526,30072.5232943395,37706.2291402759,"etapredr[1,17]",2000,1,"RHAU","Lucy Islands",6
"etapredr[1,18]2",20538.3628560729,24809.4202508419,27317.6347408356,30202.8990001486,37633.9131903685,"etapredr[1,18]",2001,1,"RHAU","Lucy Islands",6
"etapredr[1,19]2",20816.0656039425,24961.8938504119,27465.3933775266,30311.1849963588,37473.0315595225,"etapredr[1,19]",2002,1,"RHAU","Lucy Islands",6
"etapredr[1,20]2",21036.7634978489,25107.2793939583,27606.4019632042,30394.4112408625,37283.577834439,"etapredr[1,20]",2003,1,"RHAU","Lucy Islands",6
"etapredr[1,21]2",21238.1645467179,25249.5964023705,27735.4225529967,30487.6616624595,37226.3029151949,"etapredr[1,21]",2004,1,"RHAU","Lucy Islands",6
"etapredr[1,22]2",21415.1561627275,25382.9454802541,27830.0108566977,30533.4692150683,37065.2520829195,"etapredr[1,22]",2005,1,"RHAU","Lucy Islands",6
"etapredr[1,23]2",21525.9211879618,25490.5060323261,27904.1633711736,30563.283370858,36823.7235770596,"etapredr[1,23]",2006,1,"RHAU","Lucy Islands",6
"etapredr[1,24]2",21631.6375863233,25601.0391544815,27939.6186084774,30529.3695861685,36553.7734992467,"etapredr[1,24]",2007,1,"RHAU","Lucy Islands",6
"etapredr[1,25]2",21753.3485400181,25655.377831407,27922.5005949487,30485.9706859507,36330.1637309773,"etapredr[1,25]",2008,1,"RHAU","Lucy Islands",6
"etapredr[1,26]2",21834.3197637639,25695.514484756,27911.4177428244,30411.5593738178,35977.6417308501,"etapredr[1,26]",2009,1,"RHAU","Lucy Islands",6
"etapredr[1,27]2",21856.6148514648,25686.7736748688,27867.1411948565,30307.7947516077,35811.8009303305,"etapredr[1,27]",2010,1,"RHAU","Lucy Islands",6
"etapredr[1,28]2",21804.402708381,25640.8561225503,27805.3420963391,30261.1776104075,35721.0288503656,"etapredr[1,28]",2011,1,"RHAU","Lucy Islands",6
"etapredr[1,29]2",21679.9396118582,25543.0111679627,27723.9768714858,30196.74232083,35623.143676629,"etapredr[1,29]",2012,1,"RHAU","Lucy Islands",6
"etapredr[1,30]2",21556.9679399867,25416.6372222572,27631.0229008045,30174.3843168938,35721.0385781512,"etapredr[1,30]",2013,1,"RHAU","Lucy Islands",6
"etapredr[1,31]2",21352.7545710711,25275.8153830592,27546.390977997,30124.0735739275,35829.6088095632,"etapredr[1,31]",2014,1,"RHAU","Lucy Islands",6
"etapredr[1,32]2",21136.4723730007,25116.1009546501,27449.0448447262,30122.9558629557,35994.8858143403,"etapredr[1,32]",2015,1,"RHAU","Lucy Islands",6
"etapredr[1,33]2",20865.7832427224,24947.7584426293,27365.8768621347,30132.3088093424,36212.4743293029,"etapredr[1,33]",2016,1,"RHAU","Lucy Islands",6
"etapredr[1,34]2",20538.5794724415,24766.0665460925,27278.9499082427,30130.2078681391,36425.6283693147,"etapredr[1,34]",2017,1,"RHAU","Lucy Islands",6
"etapredr[1,35]2",20253.6439918691,24574.5356571093,27206.7038390944,30191.9422526666,36780.651262396,"etapredr[1,35]",2018,1,"RHAU","Lucy Islands",6
"etapredr[1,36]2",19874.2796451155,24391.4545217702,27161.2547089668,30243.9830233752,37144.726450881,"etapredr[1,36]",2019,1,"RHAU","Lucy Islands",6
"etapredr[2,1]2",87310.177701029,89156.3148581329,89875.362625012,90570.022379033,92012.0093357134,"etapredr[2,1]",1984,2,"RHAU","Pine Island",6
"etapredr[2,2]2",89500,89500,89500,89500,89500,"etapredr[2,2]",1985,2,"RHAU","Pine Island",6
"etapredr[2,3]2",87054.4621554642,88404.547402244,89066.2414202517,89768.1397907015,91588.5336980916,"etapredr[2,3]",1986,2,"RHAU","Pine Island",6
"etapredr[2,4]2",84626.8784587195,87224.917301666,88504.5124977285,89870.4590957561,93375.2304850057,"etapredr[2,4]",1987,2,"RHAU","Pine Island",6
"etapredr[2,5]2",82231.2894246366,85901.7510353218,87735.7901566405,89669.2103885694,94648.6248089719,"etapredr[2,5]",1988,2,"RHAU","Pine Island",6
"etapredr[2,6]2",79796.9071032887,84395.5329366344,86714.2834039434,89134.1471242681,95267.4669625652,"etapredr[2,6]",1989,2,"RHAU","Pine Island",6
"etapredr[2,7]2",77301.8824058805,82666.2371236432,85390.7431923343,88226.9167143745,95239.7480650062,"etapredr[2,7]",1990,2,"RHAU","Pine Island",6
"etapredr[2,8]2",74646.2546689113,80687.9942019237,83800.7822557328,86989.1884820022,94674.2323503684,"etapredr[2,8]",1991,2,"RHAU","Pine Island",6
"etapredr[2,9]2",71870.7814236655,78499.1063711326,81919.3849183782,85553.417363544,93793.9696817997,"etapredr[2,9]",1992,2,"RHAU","Pine Island",6
"etapredr[2,10]2",68787.9489642535,76165.3136231677,79928.507714992,83895.5192642324,92885.7899684972,"etapredr[2,10]",1993,2,"RHAU","Pine Island",6
"etapredr[2,11]2",65780.581942205,73753.823021119,77873.2204377801,82194.4143439773,91787.2122619899,"etapredr[2,11]",1994,2,"RHAU","Pine Island",6
"etapredr[2,12]2",62961.7800631966,71466.1207664811,75880.0639137839,80469.5662583057,90745.4274675248,"etapredr[2,12]",1995,2,"RHAU","Pine Island",6
"etapredr[2,13]2",60531.9045802483,69357.4830902718,74048.513299252,78766.8626028364,89302.2233762845,"etapredr[2,13]",1996,2,"RHAU","Pine Island",6
"etapredr[2,14]2",58634.1445415389,67600.0914378175,72385.1148732157,77234.3460461309,87680.3157976242,"etapredr[2,14]",1997,2,"RHAU","Pine Island",6
"etapredr[2,15]2",57271.0991422977,66108.7731568398,70942.4122053136,75868.3029109841,86167.3752137336,"etapredr[2,15]",1998,2,"RHAU","Pine Island",6
"etapredr[2,16]2",56558.4161573487,65047.4088320058,69757.3597629911,74625.5559632614,84759.6389830881,"etapredr[2,16]",1999,2,"RHAU","Pine Island",6
"etapredr[2,17]2",56060.7120055635,64269.0419127969,68853.7472875754,73620.6657300583,83461.2446069415,"etapredr[2,17]",2000,2,"RHAU","Pine Island",6
"etapredr[2,18]2",55925.8107209891,63690.7243870624,68181.0923628372,72848.8308692917,82296.7965373103,"etapredr[2,18]",2001,2,"RHAU","Pine Island",6
"etapredr[2,19]2",55697.3233118551,63266.8397417003,67689.5272680026,72244.3639436099,81426.7723456318,"etapredr[2,19]",2002,2,"RHAU","Pine Island",6
"etapredr[2,20]2",55487.238935927,62957.8542737377,67339.9357544004,71827.4332893131,80971.334195879,"etapredr[2,20]",2003,2,"RHAU","Pine Island",6
"etapredr[2,21]2",55253.1979215996,62696.386683267,66983.3653327331,71450.9156190391,80582.6468848547,"etapredr[2,21]",2004,2,"RHAU","Pine Island",6
"etapredr[2,22]2",54862.8236893969,62408.755681573,66657.9872670983,71121.7323815749,80311.629113605,"etapredr[2,22]",2005,2,"RHAU","Pine Island",6
"etapredr[2,23]2",54601.7660682124,62091.5440571543,66287.6290063903,70697.0671928809,79836.6806170024,"etapredr[2,23]",2006,2,"RHAU","Pine Island",6
"etapredr[2,24]2",54349.2781360596,61677.1295535154,65771.4704394925,70224.4100832959,79328.5527604645,"etapredr[2,24]",2007,2,"RHAU","Pine Island",6
"etapredr[2,25]2",54034.8368235805,61228.8587865846,65245.8875743322,69590.6640093305,78631.8045004448,"etapredr[2,25]",2008,2,"RHAU","Pine Island",6
"etapredr[2,26]2",53644.1227538112,60671.7488629886,64657.9367521755,68931.1132601807,77939.6214379998,"etapredr[2,26]",2009,2,"RHAU","Pine Island",6
"etapredr[2,27]2",53123.2621410412,60036.7416066517,64034.6481983008,68260.4342339585,77290.5073464234,"etapredr[2,27]",2010,2,"RHAU","Pine Island",6
"etapredr[2,28]2",52427.175606085,59413.6213949324,63400.995302422,67718.9311016097,76849.131047252,"etapredr[2,28]",2011,2,"RHAU","Pine Island",6
"etapredr[2,29]2",51557.1673337822,58783.159636219,62816.2697217353,67261.0886069491,76568.1732043039,"etapredr[2,29]",2012,2,"RHAU","Pine Island",6
"etapredr[2,30]2",50721.9756902879,58170.8940930088,62309.3751764827,66884.5966853781,76539.6555016052,"etapredr[2,30]",2013,2,"RHAU","Pine Island",6
"etapredr[2,31]2",49958.7644473994,57624.4270495116,61930.637589484,66653.4984342948,76577.7397490989,"etapredr[2,31]",2014,2,"RHAU","Pine Island",6
"etapredr[2,32]2",49274.4501125811,57173.0508699879,61612.9085514746,66505.3734792927,76952.9210924687,"etapredr[2,32]",2015,2,"RHAU","Pine Island",6
"etapredr[2,33]2",48577.0964019071,56807.6501778488,61397.8236638657,66485.1287459122,77278.6811967543,"etapredr[2,33]",2016,2,"RHAU","Pine Island",6
"etapredr[2,34]2",47914.7698778063,56488.3434497091,61197.5412039072,66567.9812151388,77917.1621448366,"etapredr[2,34]",2017,2,"RHAU","Pine Island",6
"etapredr[2,35]2",47145.2453954699,56128.3289032821,61084.5829887237,66675.2364675533,78685.1309665174,"etapredr[2,35]",2018,2,"RHAU","Pine Island",6
"etapredr[2,36]2",46324.1685027322,55777.624035023,61003.938259695,66917.062086789,79632.7772037498,"etapredr[2,36]",2019,2,"RHAU","Pine Island",6
"etapredr[3,1]2",13087.6888081158,13369.6384462063,13492.469728846,13607.0449580243,13861.9606948676,"etapredr[3,1]",1984,3,"RHAU","Skaang Gwai",6
"etapredr[3,2]2",13600,13600,13600,13600,13600,"etapredr[3,2]",1985,3,"RHAU","Skaang Gwai",6
"etapredr[3,3]2",13356.4937690752,13600.3254901364,13713.9198178156,13837.8776906069,14130.2520065403,"etapredr[3,3]",1986,3,"RHAU","Skaang Gwai",6
"etapredr[3,4]2",13148.7835990404,13616.7524845814,13841.3851964489,14085.9598588381,14665.4893156065,"etapredr[3,4]",1987,3,"RHAU","Skaang Gwai",6
"etapredr[3,5]2",12982.1574112007,13659.9754302148,13991.4974754171,14348.4457247977,15227.8716240916,"etapredr[3,5]",1988,3,"RHAU","Skaang Gwai",6
"etapredr[3,6]2",12860.0403049209,13730.9187569679,14166.3915300019,14639.5805507746,15810.8273642994,"etapredr[3,6]",1989,3,"RHAU","Skaang Gwai",6
"etapredr[3,7]2",12781.9311635978,13833.0105883646,14369.8760387357,14961.2851213663,16451.7680142659,"etapredr[3,7]",1990,3,"RHAU","Skaang Gwai",6
"etapredr[3,8]2",12700.3653208678,13957.8585674535,14603.8890607075,15318.8917475134,17144.7913021737,"etapredr[3,8]",1991,3,"RHAU","Skaang Gwai",6
"etapredr[3,9]2",12642.7355944458,14102.55587328,14867.9812691809,15720.013516625,17918.8373807598,"etapredr[3,9]",1992,3,"RHAU","Skaang Gwai",6
"etapredr[3,10]2",12588.7678773592,14258.9815374025,15149.4082392327,16156.3774758038,18805.5408764226,"etapredr[3,10]",1993,3,"RHAU","Skaang Gwai",6
"etapredr[3,11]2",12537.6919710428,14424.2162753295,15445.8093816495,16592.7848249914,19689.3023902414,"etapredr[3,11]",1994,3,"RHAU","Skaang Gwai",6
"etapredr[3,12]2",12512.0527009059,14600.2325504119,15745.7299680114,17034.3889829841,20597.3507860525,"etapredr[3,12]",1995,3,"RHAU","Skaang Gwai",6
"etapredr[3,13]2",12520.7101768907,14783.1986916056,16041.6713754187,17476.3857235574,21429.6334386356,"etapredr[3,13]",1996,3,"RHAU","Skaang Gwai",6
"etapredr[3,14]2",12585.4361167161,14973.8029795319,16323.7994364511,17868.9790466156,22082.671806119,"etapredr[3,14]",1997,3,"RHAU","Skaang Gwai",6
"etapredr[3,15]2",12672.8924793875,15172.210135697,16586.4548439698,18220.696736255,22557.3912478001,"etapredr[3,15]",1998,3,"RHAU","Skaang Gwai",6
"etapredr[3,16]2",12827.5446621583,15374.0766775372,16824.2831173627,18516.1669164693,22917.6707043889,"etapredr[3,16]",1999,3,"RHAU","Skaang Gwai",6
"etapredr[3,17]2",13012.7596567817,15580.5496632134,17056.0734890935,18784.9803061008,23088.031849015,"etapredr[3,17]",2000,3,"RHAU","Skaang Gwai",6
"etapredr[3,18]2",13266.8042829709,15798.7912984853,17271.833547377,19003.1474332425,23219.654110582,"etapredr[3,18]",2001,3,"RHAU","Skaang Gwai",6
"etapredr[3,19]2",13518.5332806507,16014.7118972503,17507.3458704995,19227.8318992831,23358.4969494433,"etapredr[3,19]",2002,3,"RHAU","Skaang Gwai",6
"etapredr[3,20]2",13734.949459514,16252.2218848671,17733.418830184,19473.1414966356,23486.7716075726,"etapredr[3,20]",2003,3,"RHAU","Skaang Gwai",6
"etapredr[3,21]2",13968.6188655204,16498.3403184606,17978.3125273963,19723.1468360681,23684.45099041,"etapredr[3,21]",2004,3,"RHAU","Skaang Gwai",6
"etapredr[3,22]2",14226.2994844178,16769.4697191616,18263.1497245738,20010.3908491712,23962.3597733826,"etapredr[3,22]",2005,3,"RHAU","Skaang Gwai",6
"etapredr[3,23]2",14481.5160195299,17072.0614903725,18599.5319047831,20351.717284865,24336.7708181705,"etapredr[3,23]",2006,3,"RHAU","Skaang Gwai",6
"etapredr[3,24]2",14742.8092393686,17380.7287173608,18958.0324433523,20721.6426605171,24751.7605702194,"etapredr[3,24]",2007,3,"RHAU","Skaang Gwai",6
"etapredr[3,25]2",15013.6049560179,17736.1875182396,19336.3554864754,21130.0742709675,25166.1989060142,"etapredr[3,25]",2008,3,"RHAU","Skaang Gwai",6
"etapredr[3,26]2",15257.1497374839,18084.3668257623,19737.5868169383,21570.8209554099,25701.1509987944,"etapredr[3,26]",2009,3,"RHAU","Skaang Gwai",6
"etapredr[3,27]2",15518.9119204397,18415.8757825404,20136.8081110617,22024.4616517601,26254.5511771014,"etapredr[3,27]",2010,3,"RHAU","Skaang Gwai",6
"etapredr[3,28]2",15734.073529516,18731.9080419809,20506.6260629668,22463.6530483579,26852.1227766914,"etapredr[3,28]",2011,3,"RHAU","Skaang Gwai",6
"etapredr[3,29]2",15880.4315157423,19014.3258794083,20851.7741476567,22884.4784738371,27511.7346671205,"etapredr[3,29]",2012,3,"RHAU","Skaang Gwai",6
"etapredr[3,30]2",15994.1466101297,19241.311279801,21138.4321748418,23262.971597289,28082.4398876809,"etapredr[3,30]",2013,3,"RHAU","Skaang Gwai",6
"etapredr[3,31]2",16058.8522529156,19417.5591522106,21391.0131600914,23583.0931030374,28612.4311337836,"etapredr[3,31]",2014,3,"RHAU","Skaang Gwai",6
"etapredr[3,32]2",16053.8767679118,19533.0879776769,21570.8114478479,23845.5392487118,29061.6425296503,"etapredr[3,32]",2015,3,"RHAU","Skaang Gwai",6
"etapredr[3,33]2",16054.9931743578,19619.9852173101,21717.098078546,24054.483365023,29460.6475314218,"etapredr[3,33]",2016,3,"RHAU","Skaang Gwai",6
"etapredr[3,34]2",15998.5802767473,19644.2189139674,21805.314977796,24233.8504516427,29880.9494085812,"etapredr[3,34]",2017,3,"RHAU","Skaang Gwai",6
"etapredr[3,35]2",15910.4217978252,19641.8397493799,21885.5958318697,24416.2539464142,30379.4796754877,"etapredr[3,35]",2018,3,"RHAU","Skaang Gwai",6
"etapredr[3,36]2",15751.951887035,19619.1006766392,21964.3778879703,24587.7417908996,30858.932108427,"etapredr[3,36]",2019,3,"RHAU","Skaang Gwai",6
"etapredr[4,1]1",38228.1904066079,41073.3393400948,42578.7754464963,44241.5900853568,48397.923414964,"etapredr[4,1]",1984,4,"RHAU","Triangle Island",6
"etapredr[4,2]1",38979.9437706899,41213.4158669553,42387.2319583116,43686.3903659205,46814.4706801736,"etapredr[4,2]",1985,4,"RHAU","Triangle Island",6
"etapredr[4,3]1",39706.3966696085,41349.1847047478,42205.8196998814,43143.993615677,45369.7060383641,"etapredr[4,3]",1986,4,"RHAU","Triangle Island",6
"etapredr[4,4]1",40402.44351853,41470.6815265774,42024.0324922001,42633.7122833543,44013.2165274717,"etapredr[4,4]",1987,4,"RHAU","Triangle Island",6
"etapredr[4,5]1",41066.0431697719,41585.5261804487,41857.9119653287,42152.1817462849,42805.38332092,"etapredr[4,5]",1988,4,"RHAU","Triangle Island",6
"etapredr[4,6]1",41700,41700,41700,41700,41700,"etapredr[4,6]",1989,4,"RHAU","Triangle Island",6
"etapredr[4,7]1",40632.0117247255,41267.4155924808,41558.5407774761,41838.6909292549,42361.9497046339,"etapredr[4,7]",1990,4,"RHAU","Triangle Island",6
"etapredr[4,8]1",39579.4470104253,40847.0691374778,41446.539013617,42018.0844013842,43110.578220164,"etapredr[4,8]",1991,4,"RHAU","Triangle Island",6
"etapredr[4,9]1",38525.3073093005,40448.9840880626,41366.7724015997,42248.1771082614,43967.6399323113,"etapredr[4,9]",1992,4,"RHAU","Triangle Island",6
"etapredr[4,10]1",37468.5185664704,40072.1314823683,41330.8471283319,42537.9946324317,44900.7187403601,"etapredr[4,10]",1993,4,"RHAU","Triangle Island",6
"etapredr[4,11]1",36499.83194743,39750.6230717663,41337.0193337572,42864.879533255,45924.8351603449,"etapredr[4,11]",1994,4,"RHAU","Triangle Island",6
"etapredr[4,12]1",35713.2725101408,39510.5500969991,41400.4270115574,43197.1699486268,46908.7391630267,"etapredr[4,12]",1995,4,"RHAU","Triangle Island",6
"etapredr[4,13]1",35146.4203405743,39385.7539358357,41495.3642401806,43543.5706526351,47826.6803564148,"etapredr[4,13]",1996,4,"RHAU","Triangle Island",6
"etapredr[4,14]1",34786.3774914174,39368.5342639144,41658.3571765167,43912.5478151854,48639.3949692833,"etapredr[4,14]",1997,4,"RHAU","Triangle Island",6
"etapredr[4,15]1",34766.6700512433,39467.1044001713,41892.6105384494,44271.7509230748,49277.6690633905,"etapredr[4,15]",1998,4,"RHAU","Triangle Island",6
"etapredr[4,16]1",34996.7406945695,39713.1484074929,42168.3352925324,44628.6259716624,49740.6883130846,"etapredr[4,16]",1999,4,"RHAU","Triangle Island",6
"etapredr[4,17]1",35396.2787405994,40108.6963220335,42555.3991239587,45060.2086694895,50278.560542797,"etapredr[4,17]",2000,4,"RHAU","Triangle Island",6
"etapredr[4,18]1",36015.0408300316,40585.267766529,43020.9281230852,45553.9659209412,50831.3889552327,"etapredr[4,18]",2001,4,"RHAU","Triangle Island",6
"etapredr[4,19]1",36563.6868947567,41155.0765405584,43588.6494501121,46123.2414868911,51554.3481927928,"etapredr[4,19]",2002,4,"RHAU","Triangle Island",6
"etapredr[4,20]1",37249.8122554509,41795.054588413,44254.0412876335,46832.904754725,52366.1786898949,"etapredr[4,20]",2003,4,"RHAU","Triangle Island",6
"etapredr[4,21]1",37945.5007079144,42513.7489881436,44999.9501019346,47645.1818290811,53417.0188788693,"etapredr[4,21]",2004,4,"RHAU","Triangle Island",6
"etapredr[4,22]1",38644.4743495707,43263.0055656751,45821.7478860287,48529.0811991807,54469.4090461307,"etapredr[4,22]",2005,4,"RHAU","Triangle Island",6
"etapredr[4,23]1",39439.3923925028,44090.7057061998,46704.0487406726,49491.4738144679,55615.6729571715,"etapredr[4,23]",2006,4,"RHAU","Triangle Island",6
"etapredr[4,24]1",40278.3026158671,44938.2364594361,47591.5960358316,50485.6287701393,56744.6001046122,"etapredr[4,24]",2007,4,"RHAU","Triangle Island",6
"etapredr[4,25]1",41052.8911337468,45778.6470483468,48503.5758105174,51466.9230582389,57897.0703629489,"etapredr[4,25]",2008,4,"RHAU","Triangle Island",6
"etapredr[4,26]1",41802.4126493705,46581.7499082474,49392.9675101517,52434.883329565,59000.7901115838,"etapredr[4,26]",2009,4,"RHAU","Triangle Island",6
"etapredr[4,27]1",42450.2491875895,47322.3260583144,50224.5156408414,53395.2046780257,60197.3460476823,"etapredr[4,27]",2010,4,"RHAU","Triangle Island",6
"etapredr[4,28]1",42949.560724059,47958.6905601383,50995.4784928347,54275.4564728642,61274.8069358901,"etapredr[4,28]",2011,4,"RHAU","Triangle Island",6
"etapredr[4,29]1",43277.7341658449,48483.0017379115,51631.4666497309,55087.1833252795,62459.5387290725,"etapredr[4,29]",2012,4,"RHAU","Triangle Island",6
"etapredr[4,30]1",43549.6945761479,48920.7779212101,52186.087191763,55765.9531666603,63360.5621152136,"etapredr[4,30]",2013,4,"RHAU","Triangle Island",6
"etapredr[4,31]1",43730.015449023,49283.2781156803,52596.8962606091,56292.8224527496,64121.6319405481,"etapredr[4,31]",2014,4,"RHAU","Triangle Island",6
"etapredr[4,32]1",43851.4996435267,49586.6501894175,52895.4821297483,56659.1451137085,64586.00132128,"etapredr[4,32]",2015,4,"RHAU","Triangle Island",6
"etapredr[4,33]1",43931.7888876374,49771.327369044,53149.7025580488,56932.3924887575,64884.9071883098,"etapredr[4,33]",2016,4,"RHAU","Triangle Island",6
"etapredr[4,34]1",43939.3876820595,49892.0595886394,53312.8485371648,57150.2902911756,65087.8104378637,"etapredr[4,34]",2017,4,"RHAU","Triangle Island",6
"etapredr[4,35]1",43821.4462484203,49911.0481861801,53460.2853390066,57388.2438076713,65599.7912602329,"etapredr[4,35]",2018,4,"RHAU","Triangle Island",6
"etapredr[4,36]1",43564.3588515112,49889.1885317836,53596.355404908,57645.1034862881,66090.1489956563,"etapredr[4,36]",2019,4,"RHAU","Triangle Island",6
"etapredr[1,1]3",23807.5405623106,26691.7253682979,27944.3377053537,29434.1062701377,33725.492727838,"etapredr[1,1]",1984,1,"TUPU","Triangle Island",6
"etapredr[1,2]3",24462.9183081722,26675.8660272848,27652.3702117693,28782.7872614909,31954.024852357,"etapredr[1,2]",1985,1,"TUPU","Triangle Island",6
"etapredr[1,3]3",25105.5374724286,26651.0874239884,27354.8720658379,28155.3071345916,30306.3927817457,"etapredr[1,3]",1986,1,"TUPU","Triangle Island",6
"etapredr[1,4]3",25650.9658655348,26603.9168173056,27045.2730295483,27552.9010245149,28847.5369591661,"etapredr[1,4]",1987,1,"TUPU","Triangle Island",6
"etapredr[1,5]3",26067.7973393883,26521.1288033294,26731.565722667,26967.8880118755,27573.0778672708,"etapredr[1,5]",1988,1,"TUPU","Triangle Island",6
"etapredr[1,6]3",26400,26400,26400,26400,26400,"etapredr[1,6]",1989,1,"TUPU","Triangle Island",6
"etapredr[1,7]3",25300.0477675998,25831.2968445481,26050.9193974303,26252.6628015796,26674.7578756108,"etapredr[1,7]",1990,1,"TUPU","Triangle Island",6
"etapredr[1,8]3",24207.6707251586,25251.5244655738,25690.3080460915,26091.7585521375,26943.9982880683,"etapredr[1,8]",1991,1,"TUPU","Triangle Island",6
"etapredr[1,9]3",23096.5234085336,24649.8098443195,25322.6943181173,25930.0860259473,27246.113017839,"etapredr[1,9]",1992,1,"TUPU","Triangle Island",6
"etapredr[1,10]3",21957.4700717329,24042.3593425224,24945.2170339066,25769.7511746806,27607.8622611386,"etapredr[1,10]",1993,1,"TUPU","Triangle Island",6
"etapredr[1,11]3",20861.6142640645,23444.2774764043,24577.2324202372,25609.3966422506,27953.945801541,"etapredr[1,11]",1994,1,"TUPU","Triangle Island",6
"etapredr[1,12]3",19854.4286133031,22880.2829420446,24218.3540137653,25429.6005657994,28232.77104113,"etapredr[1,12]",1995,1,"TUPU","Triangle Island",6
"etapredr[1,13]3",19019.5055670106,22362.1467509236,23865.4147876365,25235.3387879474,28412.6313022169,"etapredr[1,13]",1996,1,"TUPU","Triangle Island",6
"etapredr[1,14]3",18389.9297533564,21913.8948800466,23548.0629843526,25022.431090303,28447.1142498857,"etapredr[1,14]",1997,1,"TUPU","Triangle Island",6
"etapredr[1,15]3",17881.1620120469,21529.6266651424,23250.9768732759,24778.1742388846,28331.9407356424,"etapredr[1,15]",1998,1,"TUPU","Triangle Island",6
"etapredr[1,16]3",17595.8594129164,21226.1294915197,22980.9698074974,24553.8245706724,28165.645886339,"etapredr[1,16]",1999,1,"TUPU","Triangle Island",6
"etapredr[1,17]3",17432.5842781891,21008.3604656055,22742.3565939879,24345.5619668057,27876.2463753765,"etapredr[1,17]",2000,1,"TUPU","Triangle Island",6
"etapredr[1,18]3",17325.1019817149,20859.4329457945,22548.3868928683,24184.2660359536,27658.51043971,"etapredr[1,18]",2001,1,"TUPU","Triangle Island",6
"etapredr[1,19]3",17276.0194116639,20739.6195210849,22410.3192846168,24051.9513482773,27576.7494476812,"etapredr[1,19]",2002,1,"TUPU","Triangle Island",6
"etapredr[1,20]3",17236.2101789361,20673.3799647458,22325.6604252916,23976.8478294479,27595.6788399322,"etapredr[1,20]",2003,1,"TUPU","Triangle Island",6
"etapredr[1,21]3",17213.5381017526,20662.8990803823,22290.1314333337,23955.5585508136,27632.944615208,"etapredr[1,21]",2004,1,"TUPU","Triangle Island",6
"etapredr[1,22]3",17326.390416377,20674.8064714325,22290.680757458,23971.8985032817,27735.4973268191,"etapredr[1,22]",2005,1,"TUPU","Triangle Island",6
"etapredr[1,23]3",17491.3992320853,20711.1046765978,22321.1751543117,24046.7399326091,27871.5534128398,"etapredr[1,23]",2006,1,"TUPU","Triangle Island",6
"etapredr[1,24]3",17694.9799667445,20789.0506983784,22383.9000031697,24125.6664561444,28031.6655883118,"etapredr[1,24]",2007,1,"TUPU","Triangle Island",6
"etapredr[1,25]3",17901.5318409516,20875.1399102522,22473.9127176535,24214.98892313,28300.5577935169,"etapredr[1,25]",2008,1,"TUPU","Triangle Island",6
"etapredr[1,26]3",17990.8745684412,20947.4064546563,22558.176584993,24372.1409143467,28552.5160978205,"etapredr[1,26]",2009,1,"TUPU","Triangle Island",6
"etapredr[1,27]3",18028.8666801205,20991.8128237187,22645.6506894813,24532.5714780743,28973.3317361922,"etapredr[1,27]",2010,1,"TUPU","Triangle Island",6
"etapredr[1,28]3",18006.3032832432,21032.5761771266,22727.7378518838,24708.0210343979,29482.3214484109,"etapredr[1,28]",2011,1,"TUPU","Triangle Island",6
"etapredr[1,29]3",17896.076158941,21033.2542270035,22796.7497460198,24861.6246146188,29959.5884742606,"etapredr[1,29]",2012,1,"TUPU","Triangle Island",6
"etapredr[1,30]3",17760.2202576562,21025.3114829191,22839.6592048211,25018.4348109248,30420.714790226,"etapredr[1,30]",2013,1,"TUPU","Triangle Island",6
"etapredr[1,31]3",17679.1282609335,20995.5964073199,22884.3846539305,25139.6657428848,30762.6569552629,"etapredr[1,31]",2014,1,"TUPU","Triangle Island",6
"etapredr[1,32]3",17561.2673073524,20959.8528272718,22915.2788860216,25224.225854627,31004.8630893754,"etapredr[1,32]",2015,1,"TUPU","Triangle Island",6
"etapredr[1,33]3",17440.2582954821,20916.745117279,22913.3218489037,25272.65197733,31177.345504616,"etapredr[1,33]",2016,1,"TUPU","Triangle Island",6
"etapredr[1,34]3",17318.5169491037,20869.5751920457,22900.6766733285,25304.7006547354,31271.00715208,"etapredr[1,34]",2017,1,"TUPU","Triangle Island",6
"etapredr[1,35]3",17111.2914307205,20791.7335158831,22888.8129506154,25369.5626211851,31562.6269847496,"etapredr[1,35]",2018,1,"TUPU","Triangle Island",6
"etapredr[1,36]3",16920.3938215458,20665.3752630681,22860.4853959331,25451.0013105206,31898.1737038697,"etapredr[1,36]",2019,1,"TUPU","Triangle Island",6
